{
  "version": 1,
  "author": "Uri Shaked",
  "editor": "wokwi",
  "parts": [
    {
      "type": "wokwi-esp32-devkit-v1",
      "id": "esp",
      "top": -4.9,
      "left": -101,
      "attrs": { "env": "micropython-20220618-v1.19.1" }
    },
    {
      "type": "wokwi-led",
      "id": "led1",
      "top": 44.4,
      "left": 167.4,
      "rotate": 90,
      "attrs": { "color": "red", "flip": "1" }
    },
    {
      "type": "wokwi-resistor",
      "id": "r1",
      "top": 71.45,
      "left": 56.2,
      "rotate": 180,
      "attrs": { "value": "1000" }
    },
    { "type": "wokwi-dht22", "id": "dht1", "top": -124.5, "left": 244.2, "attrs": {} }
  ],
  "connections": [
    [ "esp:TX0", "$serialMonitor:RX", "", [] ],
    [ "esp:RX0", "$serialMonitor:TX", "", [] ],
    [ "led1:C", "r1:1", "black", [ "v0" ] ],
    [ "esp:GND.1", "r1:2", "black", [ "h0" ] ],
    [ "dht1:VCC", "esp:3V3", "red", [ "v0" ] ],
    [ "dht1:GND", "esp:GND.1", "black", [ "v0" ] ],
    [ "led1:A", "esp:D22", "green", [ "h-151.2", "v-35.6" ] ],
    [ "dht1:SDA", "esp:D23", "green", [ "v0" ] ]
  ],
  "dependencies": {}
}